attribute,wtp,coefficient
Complete Attenuation (vs Partial),473.34983221113333,1.5296163913363001
Comfort (+1 hour),151.4694773429149,0.48946926683924896
Invisible Appearance (vs Visible),-38.94427600644974,-0.1258473096946614
Speech: Moderate (vs Easy),-227.4927334258194,-0.7351362359896665
