attribute,min_wtp,max_wtp,wtp_range
comfort,0.0,196.55516038315503,196.55516038315503
att,0.0,0.0,0.0
speech,0.0,111.2251335164234,111.2251335164234
app,0.0,0.0,0.0
