attribute,level,utility,baseline_level,wtp_vs_baseline
comfort,2.0,-0.4893023399111275,2.0,0.0
comfort,4.0,0.32564037836859966,2.0,196.55516038315503
att,COMPLETE,-0.4033074212390354,COMPLETE,0.0
speech,MODERATE,0.3174804277085337,MORE EFFORT,111.2251335164234
speech,MORE EFFORT,-0.14367313586215236,MORE EFFORT,0.0
app,INVISIBLE,0.1084487898374323,INVISIBLE,0.0
